clip_name	start	end	text	emotion	score
clip_00002.mp4	5.521	10.554	This programme contains strong language.	neutral	0.990030
clip_00003.mp4	19.862	23.982	London in the 21st Century.	neutral	0.978513
clip_00004.mp4	23.982	30.335	For the people who live here, it can be the best of times and the worst of times.	sadness	0.800157
clip_00005.mp4	30.335	39.444	This is the story of both in one place, of two separate worlds coming together on a bend in the river at Deptford.	neutral	0.989862
clip_00006.mp4	41.081	44.638	This is the tale of The Tower.	neutral	0.990892
clip_00007.mp4	51.029	53.786	So that is actually a photo from the Penthouse.	neutral	0.988480
clip_00008.mp4	53.786	54.488	Bloody hell.	anger	0.790064
clip_00009.mp4	54.488	57.941	Hang on, yours is that one, Mummy, isn't it, the first one?	neutral	0.796476
clip_00010.mp4	57.941	59.249	It's that one, I think.	neutral	0.965928
clip_00011.mp4	59.249	66.254	How incredible to have a breakfast above the city watching over everything and the lights, it must be amazing.	joy	0.983263
clip_00012.mp4	71.729	79.360	Five years ago, Lewisham Council decided to sell a tower block on the river to private developers Berkeley Homes.	neutral	0.760101
clip_00013.mp4	79.360	81.186	This is where the old roof was.	neutral	0.969025
clip_00014.mp4	81.186	82.717	All completely changing...	neutral	0.852132
clip_00015.mp4	83.756	86.110	It's a dream, isn't it?	joy	0.723777
clip_00016.mp4	87.789	95.442	Its council tenants removed and its 144 flats transformed to attract a new class of resident.	neutral	0.900510
clip_00017.mp4	95.442	96.582	Just feels lovely.	joy	0.811673
clip_00018.mp4	96.582	98.739	It feels like on the riverside.	neutral	0.941867
clip_00019.mp4	98.739	102.934	I just can't believe it, just out there, Daddy, is the inner city London.	joy	0.451983
clip_00020.mp4	105.333	108.290	They have to believe in the fact that it is changing.	neutral	0.979244
clip_00021.mp4	114.846	119.915	But this dream of urban living lies at the heart of the notorious Pepys council estate.	neutral	0.986388
clip_00022.mp4	119.915	122.712	What the fuck is wrong with you?!	anger	0.657422
clip_00023.mp4	122.712	124.018	Stop pushing me around!	anger	0.988662
clip_00024.mp4	124.018	124.869	Look, you guys.	neutral	0.930238
clip_00025.mp4	124.869	126.389	Lovely area, this, isn't it?	joy	0.793874
clip_00026.mp4	126.389	129.626	Mouthing off at me all the fucking time.	anger	0.954334
clip_00027.mp4	129.626	132.901	Who do you think you fucking are?	anger	0.371351
clip_00028.mp4	132.901	134.621	A place with different rules.	neutral	0.977672
clip_00029.mp4	134.621	138.218	Let me tell you something - there is not enough fucking hit men about.	anger	0.383056
clip_00030.mp4	138.218	141.255	Where a new Briton is trying to make a home.	neutral	0.949991
clip_00031.mp4	141.255	144.572	The most hassle I get is from the stairs, from the people, with the shock and horror.	neutral	0.486051
clip_00032.mp4	144.572	146.450	A patch on the eye, big beard.	neutral	0.859382
clip_00033.mp4	148.526	153.682	Strange, isn't it, you have this tower block in the middle and then all the way around it...	neutral	0.870734
clip_00034.mp4	156.077	158.234	Where life is tough.	neutral	0.507548
clip_00035.mp4	158.234	160.621	You don't want to see him when he's drinking, do you?	disgust	0.883206
clip_00036.mp4	160.621	162.872	He still loves you, he's still thinking about you.	neutral	0.556422
clip_00037.mp4	164.829	169.183	Where friendship can mean the difference between life and death.	neutral	0.851107
clip_00038.mp4	169.183	171.104	If I go to buy any drugs, kick me.	fear	0.686337
clip_00039.mp4	171.104	173.139	You said that yesterday, didn't you?	neutral	0.747042
clip_00040.mp4	173.139	173.997	What did you do?	surprise	0.677785
clip_00041.mp4	173.997	175.337	You went and bought them.	neutral	0.954043
clip_00042.mp4	175.337	177.297	You didn't kick me, did you?	surprise	0.668200
clip_00044.mp4	177.578	181.891	And where wealth is no guarantee of happiness.	neutral	0.864666
clip_00045.mp4	181.891	183.611	It should be me who's crying, baba!	anger	0.375390
clip_00046.mp4	183.611	186.367	Love grows, it will grow.	joy	0.626590
clip_00047.mp4	186.367	188.644	Three years...	sadness	0.699801
clip_00048.mp4	188.644	191.201	You can't believe this beauty!	surprise	0.903599
clip_00049.mp4	191.201	194.236	..Two communities on one estate.	neutral	0.851852
clip_00050.mp4	194.236	199.273	It's beginning to appear that there's more sophisticated drinkers coming in.	neutral	0.832101
clip_00051.mp4	200.393	206.303	It's bringing a different kind of person here as well, like changing the whole feel of the place and...	neutral	0.818145
clip_00052.mp4	206.303	207.405	Recycling areas.	neutral	0.984181
clip_00053.mp4	207.405	207.956	Exactly.	neutral	0.986150
clip_00054.mp4	207.956	209.541	I think it's brilliant.	joy	0.988907
clip_00055.mp4	241.666	246.663	It's practically south-facing, a gorgeous view.	neutral	0.525887
clip_00056.mp4	246.663	258.211	Eastways we've got the Dome, Canary Wharf and everything back that way, more than 180 degrees that whole view, and absolutely amazing.	joy	0.908454
clip_00057.mp4	258.211	262.605	It's been really nice looking out at it over the years.	joy	0.866748
clip_00058.mp4	271.993	279.828	In a city of 7 million people, it's rare to find yourself completely alone.	neutral	0.718795
clip_00059.mp4	282.865	287.458	I'm the last in the tower.	neutral	0.987851
clip_00060.mp4	287.458	290.216	Lewisham have sold to Berkeley Homes.	neutral	0.902044
clip_00061.mp4	290.216	293.014	Everyone has been moved out.	neutral	0.869386
clip_00062.mp4	296.970	300.007	The whole of the riverside is slowly being privatised.	neutral	0.606480
clip_00063.mp4	300.007	305.118	There are an awful lot of housing estates that do back on to the river's edge.	disgust	0.581096
clip_00064.mp4	305.118	314.709	Those bits of the estate that touch the river's edge are all being sold off to various developers, so, as far as fairness goes, no, I don't think it's fair, really.	neutral	0.805362
clip_00065.mp4	316.266	317.747	But it's change, isn't it?	neutral	0.968645
clip_00066.mp4	318.827	320.745	Progress.	neutral	0.985117
clip_00067.mp4	321.785	324.021	So they say.	neutral	0.978165
clip_00068.mp4	326.017	340.763	The forces of change have decided that the tower's life as a council block is over with all but one of its residents now removed to inner city estates, away from the river's edge.	neutral	0.796621
clip_00069.mp4	343.597	351.271	But Les Brookes, a professional clown, bought his flat off the council and is refusing to sell it back.	disgust	0.378897
clip_00070.mp4	351.271	355.065	I bought the flat because I wanted to try and stay here.	neutral	0.957284
clip_00071.mp4	355.065	371.610	"In negotiations with the council over the past 18-odd months, they've been asking me to move out, sending semi-threatening letters, some more threatening than they actually are, but it's been for the last year, ""Sorry we sold you the flat, we want it back now."""	neutral	0.496587
clip_00072.mp4	371.610	378.811	And... over the course of the last year, the heating has been turned off...	sadness	0.439751
clip_00073.mp4	378.811	380.678	It's become a fight now.	neutral	0.943729
clip_00074.mp4	382.235	384.915	These are going to be luxury apartments.	neutral	0.945183
clip_00075.mp4	384.915	392.426	By staying here, a few years down the line, it's obvious that this property would be of value.	neutral	0.914670
clip_00076.mp4	399.062	400.522	Thank you, darling.	neutral	0.924441
clip_00077.mp4	400.522	403.078	Thank you very much, thank you for...	joy	0.938062
clip_00078.mp4	403.078	404.735	The keys to my first home.	neutral	0.979572
clip_00079.mp4	407.932	414.006	There's speculations, I suppose, as to how this is going to affect the Pepys estate in general.	neutral	0.964178
clip_00080.mp4	414.006	418.157	Nobody's really going to be sure until it actually happens.	neutral	0.957791
clip_00081.mp4	418.157	421.117	This is going to be a private block.	neutral	0.988961
clip_00082.mp4	421.117	426.471	Over there the rest of the estate isn't private, it's a council estate.	neutral	0.981064
clip_00083.mp4	426.471	432.026	So you're putting private property right on the edge of a council estate.	neutral	0.880833
clip_00084.mp4	432.026	433.520	Will the two mix?	neutral	0.988495
clip_00085.mp4	433.520	434.662	I don't know.	neutral	0.977986
clip_00086.mp4	435.740	438.700	I don't think anybody else out there really knows.	neutral	0.895594
clip_00087.mp4	453.919	455.559	Someone's bashing the shop up.	neutral	0.471253
clip_00088.mp4	455.559	456.798	Morning.	neutral	0.989240
clip_00089.mp4	456.798	458.036	Morning.	neutral	0.989240
clip_00090.mp4	462.593	463.125	Oy!	surprise	0.953196
clip_00091.mp4	463.125	465.429	Get back off.	neutral	0.956902
clip_00092.mp4	465.429	466.746	What's going on?	neutral	0.509254
clip_00093.mp4	466.746	469.744	Mark, it's Lawrence, I missed my appointment with you.	sadness	0.667380
clip_00094.mp4	469.744	472.901	I fell asleep in the park and woke up with kids chucking stones at me.	neutral	0.822784
clip_00095.mp4	472.901	476.338	Get moving, they're on their way round to nick you, now fuck off.	anger	0.645638
clip_00096.mp4	476.338	477.531	There's one there now.	neutral	0.951428
clip_00097.mp4	477.531	480.135	If I come in contact with one of these, it dies.	sadness	0.471200
clip_00098.mp4	480.135	483.890	I'm still a little kid at heart, but who isn't?	neutral	0.964763
clip_00099.mp4	483.890	485.089	What man isn't?	neutral	0.589377
clip_00100.mp4	485.089	487.366	What you doing in here anyway?	surprise	0.608390
clip_00101.mp4	487.366	490.124	You fucking don't want to do nothing, see that?	anger	0.608984
clip_00102.mp4	490.124	491.400	Want to have a fight?	neutral	0.922703
clip_00103.mp4	491.400	493.161	Come and have a proper fight.	neutral	0.837499
clip_00104.mp4	497.194	502.790	For the Pepys residents, change is only on the horizon.	neutral	0.987468
clip_00105.mp4	504.390	513.379	But nothing stands in the way of progress and living in the past can block the path to a happy future.	neutral	0.864387
clip_00106.mp4	521.971	524.047	30 years old.	neutral	0.966234
clip_00107.mp4	524.047	525.762	Yep.	neutral	0.940511
clip_00108.mp4	525.762	528.122	Falling to bits.	neutral	0.971524
clip_00109.mp4	528.122	538.674	Arthritis in my fingers, a bad back, curvature of the spine... ..blisters and corns on my feet and going bald.	neutral	0.537511
clip_00110.mp4	542.747	549.181	"As my old foreman, Matt, used to say, ""Bearing up from the mental strain of modern living."""	neutral	0.874369
clip_00111.mp4	555.176	557.812	Wayne Tapper has hit a crossroad.	neutral	0.956263
clip_00112.mp4	557.812	560.958	Do you think I should wear this dress?	neutral	0.704930
clip_00113.mp4	560.958	561.289	Yes.	neutral	0.956742
clip_00114.mp4	561.289	562.923	But they pop out.	neutral	0.748418
clip_00115.mp4	562.923	565.121	Take them clothes upstairs!	joy	0.390691
clip_00116.mp4	565.121	572.395	A month ago the mental strain of hitting 30 and knowing it was time to settle down proved too much.	neutral	0.914007
clip_00117.mp4	572.395	578.508	So he walked out on his girlfriend, Kelly, and their two young children, Tiana and Tyrell.	neutral	0.896801
clip_00118.mp4	578.508	581.546	Tyrell, listen, are you listening to me?	neutral	0.780383
clip_00119.mp4	581.546	587.459	If I call here and find you have been a little mm-mm, you're going to get it, you understand me?	neutral	0.648742
clip_00120.mp4	589.857	591.796	I'm hungry, man!	joy	0.536600
clip_00121.mp4	591.796	593.614	It's 7 o'clock.	neutral	0.987791
clip_00122.mp4	593.614	598.309	He's come back with a promise to be the father HE never had, to his kids.	neutral	0.924196
clip_00123.mp4	598.309	599.584	Come on, then.	neutral	0.988983
clip_00124.mp4	599.584	602.864	I need to tart myself up a bit more.	neutral	0.964667
clip_00125.mp4	602.864	605.199	Get my watch, it's on the telly, babe.	neutral	0.990793
clip_00126.mp4	605.199	606.182	Get it yourself.	neutral	0.904302
clip_00127.mp4	606.182	606.601	Please!	anger	0.590610
clip_00128.mp4	606.601	607.380	Things to do!	neutral	0.479837
clip_00129.mp4	607.380	607.799	Please!	anger	0.590610
clip_00130.mp4	607.799	611.334	It's your bloody fault for being at the PlayStation, innit?	anger	0.972974
clip_00131.mp4	614.051	619.686	And on the seventh anniversary of meeting Kelly, Wayne is hoping they can make a fresh start.	neutral	0.570267
clip_00132.mp4	619.686	620.770	Phwoar!	surprise	0.709179
clip_00133.mp4	620.770	627.635	THEY KISS Shut up!	anger	0.896894
clip_00134.mp4	627.635	628.156	Phwoar!	surprise	0.709179
clip_00135.mp4	628.156	628.676	Phwoar!	surprise	0.709179
clip_00136.mp4	628.676	629.197	Phwoar!	surprise	0.709179
clip_00137.mp4	639.305	641.383	Seven years, man.	sadness	0.817833
clip_00138.mp4	641.383	643.619	Yeah, you've been a right cow!	joy	0.899187
clip_00139.mp4	643.619	645.616	You dickhead!	anger	0.628371
clip_00140.mp4	647.377	648.617	Think about it.	neutral	0.977839
clip_00141.mp4	648.617	653.411	We went from homeless, we got evicted after we had Tyrell.	sadness	0.935722
clip_00142.mp4	653.411	655.167	How long was we in the hostel for?	neutral	0.962831
clip_00143.mp4	655.167	656.326	Six months?	surprise	0.786998
clip_00144.mp4	656.326	657.485	Six months.	sadness	0.656801
clip_00145.mp4	657.485	659.125	Jumping the trains all the time.	neutral	0.970306
clip_00146.mp4	659.125	660.230	Jumping the trains.	neutral	0.985373
clip_00147.mp4	660.230	661.161	Do you remember?	neutral	0.918292
clip_00148.mp4	661.161	662.085	Oh, later.	neutral	0.983385
clip_00149.mp4	662.085	664.119	We've come a long way.	neutral	0.883986
clip_00150.mp4	668.476	674.466	To celebrate, they have booked to eat in Canary Wharf on the other side of the river.	neutral	0.642042
clip_00151.mp4	674.466	676.018	This is really nice.	joy	0.959101
clip_00152.mp4	676.018	677.104	Thanks, babes.	neutral	0.875449
clip_00153.mp4	678.144	680.340	Business class!	surprise	0.549478
clip_00154.mp4	680.340	682.818	Buy, buy, buy, sell, sell, sell!	joy	0.810771
clip_00155.mp4	682.818	685.934	I can't believe, this is nuts.	surprise	0.985161
clip_00156.mp4	685.934	687.860	It is nice, isn't it?	joy	0.877486
clip_00157.mp4	687.860	690.428	I've seen oysters for £1.60.	neutral	0.799403
clip_00158.mp4	690.428	691.529	Rock oyster.	neutral	0.983613
clip_00159.mp4	691.529	695.572	"Farmed in the clear waters off the Irish coast.
clip_00160.mp4	695.572	697.197	Each additional..."""	neutral	0.908839
clip_00161.mp4	697.197	697.603	EACH!	anger	0.607814
clip_00162.mp4	697.603	699.686	Where are you reading?	neutral	0.928893
clip_00163.mp4	699.686	700.160	EACH!	anger	0.607814
clip_00164.mp4	700.160	702.917	£1.60 - EACH!	joy	0.546317
clip_00165.mp4	702.917	704.314	Grilled...	neutral	0.985199
clip_00166.mp4	704.314	705.594	I see that.	neutral	0.983059
clip_00167.mp4	705.594	707.931	21 quid!	joy	0.399687
clip_00168.mp4	707.931	709.731	Give us a kiss, then.	neutral	0.975778
clip_00169.mp4	713.884	718.041	This is going to be one anniversary to remember, babe.	neutral	0.775729
clip_00170.mp4	719.081	720.268	Happy anniversary.	joy	0.796365
clip_00171.mp4	720.268	721.917	Happy anniversary, babes.	joy	0.822425
clip_00172.mp4	732.786	739.699	These past couple of months have made us grow up a hell of a lot, a hell of a lot.	neutral	0.544764
clip_00173.mp4	739.699	741.376	Life is better.	neutral	0.791464
clip_00174.mp4	741.376	743.414	We understand each other more.	neutral	0.975219
clip_00175.mp4	743.414	745.159	You did go a bit nuts, though.	neutral	0.937750
clip_00176.mp4	745.159	745.974	I did go nuts.	neutral	0.967263
clip_00177.mp4	745.974	748.527	Wayne had a midlife crisis.	neutral	0.692562
clip_00178.mp4	748.527	750.965	"It was, like, ""Fuck it, I've had enough."""	anger	0.525906
clip_00179.mp4	750.965	754.362	You were a wanker because you left me to deal with it with the kids.	disgust	0.913886
clip_00180.mp4	754.362	759.236	I know because I was like going through what I couldn't handle.	fear	0.456591
clip_00181.mp4	759.236	761.334	You were acting like a total idiot.	disgust	0.580159
clip_00183.mp4	761.634	764.670	I was trying to do the best I could and take care of me and the kids.	neutral	0.732685
clip_00184.mp4	764.670	777.471	I know I wasn't dealing with it, but it was something from my parents and my background, which made me run away from the situations and run away from problems, which Tyrell doesn't have to do that.	neutral	0.803861
clip_00185.mp4	777.471	778.976	Tyrell's young, still.	neutral	0.985052
clip_00186.mp4	778.976	783.372	That's why we've got to drill it into his head that you can be better than that.	neutral	0.965566
clip_00187.mp4	783.372	786.490	You have to be careful how you drill things into kids' heads.	neutral	0.977360
clip_00188.mp4	786.490	790.484	There's bringing them up a certain way and there's brainwashing them.	neutral	0.985261
clip_00189.mp4	790.484	793.040	Yeah, but I want to brainwash them in the way that...	disgust	0.462161
clip_00190.mp4	793.040	794.846	No, why do you want to brainwash them?	surprise	0.429981
clip_00191.mp4	794.846	795.797	You are wrong there.	neutral	0.697342
clip_00192.mp4	795.797	796.558	That ain't wrong.	neutral	0.888159
clip_00193.mp4	796.558	801.116	It ain't about drumming it into the kids, it's about the way you bring them up, the way you treat them.	neutral	0.771801
clip_00194.mp4	801.116	802.632	Drumming positivity into his head.	neutral	0.971521
clip_00195.mp4	802.632	805.786	You don't need to drum positivity into no-one's head.	neutral	0.914094
clip_00196.mp4	805.786	809.546	At the end of the day, there's no point in dwelling on the past.	neutral	0.800466
clip_00197.mp4	809.546	811.545	You want me to start dwelling on the past?	surprise	0.948907
clip_00198.mp4	811.545	812.544	I can go on for ever!	joy	0.963965
clip_00199.mp4	812.544	814.203	I'm not dwelling on the past.	neutral	0.944599
clip_00200.mp4	814.203	814.661	You are!	surprise	0.660694
clip_00201.mp4	814.661	818.525	Wayne, there is a time in your life when you need to get over things.	neutral	0.694715
clip_00203.mp4	818.805	819.813	Well, get over it!	anger	0.936083
clip_00204.mp4	819.813	825.205	All I'm saying is, right, how I was brought up...	neutral	0.974966
clip_00205.mp4	825.205	829.243	At the end of the day, the kids you are talking about are my kids as well.	neutral	0.949757
clip_00206.mp4	829.243	832.427	You're going on like I'm talking badness about them.	disgust	0.687282
clip_00207.mp4	832.427	832.917	I'm not.	neutral	0.936141
clip_00208.mp4	832.917	836.278	You're talking about my son and drumming it into, what?	surprise	0.907917
clip_00209.mp4	836.278	838.994	It's meant to be a family, not a cult.	neutral	0.987342
clip_00210.mp4	838.994	840.532	No, I'm talking about...	neutral	0.973918
clip_00211.mp4	840.532	844.992	Listen, I've had a nice meal, I'm not going to do sit here and do counselling sessions.	neutral	0.476006
clip_00212.mp4	844.992	846.042	It's not counselling...	neutral	0.866494
clip_00213.mp4	846.042	846.544	Well, stop.	neutral	0.685775
clip_00214.mp4	846.544	848.902	Why do you think you stopped drinking?	surprise	0.802348
clip_00215.mp4	848.902	851.659	Cos you turn into a prick when you drink.	disgust	0.954880
clip_00216.mp4	851.659	853.225	Am I being a prick?	anger	0.637406
clip_00217.mp4	853.225	854.379	Yeah, you are.	neutral	0.976277
clip_00218.mp4	854.379	856.568	Really, am I being a prick?	disgust	0.353052
clip_00219.mp4	856.568	857.216	You are.	neutral	0.980168
clip_00220.mp4	857.216	858.814	I'm being a prick.	disgust	0.532980
clip_00221.mp4	858.814	860.165	You are not being fair.	anger	0.849435
clip_00222.mp4	860.165	860.694	Oh, well.	neutral	0.950810
clip_00223.mp4	860.694	862.356	You are not being fair at all.	anger	0.635013
clip_00224.mp4	862.356	863.408	You should be fair.	neutral	0.895977
clip_00225.mp4	863.408	866.764	Have a couple of drinks and you start going on like a bitch.	anger	0.920736
clip_00226.mp4	868.601	870.199	What do you mean, like a bitch?	anger	0.919225
clip_00227.mp4	871.759	874.873	You do this every time, mate.	neutral	0.959413
clip_00228.mp4	874.873	878.398	You just don't want to listen to this conversation.	disgust	0.757389
clip_00229.mp4	878.398	879.228	No, I don't.	neutral	0.887002
clip_00230.mp4	879.228	882.386	That's why we get into these arguments and these fights.	neutral	0.984114
clip_00231.mp4	882.386	883.957	I don't want to listen to it.	disgust	0.604241
clip_00232.mp4	883.957	885.583	I'm not going to listen to it.	disgust	0.552443
clip_00233.mp4	885.583	887.459	Sometimes I just don't understand...	neutral	0.442474
clip_00234.mp4	887.459	888.501	You are still going.	neutral	0.987049
clip_00235.mp4	888.501	889.331	Give it a rest!	anger	0.930079
clip_00236.mp4	889.331	890.326	Seven years today.	sadness	0.669134
clip_00237.mp4	890.326	894.138	We're meant to be looking to the future, not going on about your past.	neutral	0.938540
clip_00238.mp4	894.138	896.455	You're not the only one who had it bitchy.	anger	0.768144
clip_00239.mp4	896.455	897.172	Yeah, I know.	neutral	0.867364
clip_00240.mp4	897.172	898.692	Right, so give it a rest.	neutral	0.981357
clip_00241.mp4	908.120	917.028	When everyone tells you to let go of the past, it takes a brave soul to stand firm in the face of change.	neutral	0.959930
clip_00242.mp4	918.588	922.786	Lewisham wanted me out so they could complete the deal with Berkeley Homes.	neutral	0.963737
clip_00243.mp4	922.786	925.502	Thus begun the war of attrition to get me out.	neutral	0.979137
clip_00244.mp4	927.539	935.087	As part of my service charges, I should get caretaking service, a sweep, wash the corridor, bin room and lift.	neutral	0.966064
clip_00245.mp4	935.087	937.728	It hasn't happened in over a year.	neutral	0.857840
clip_00246.mp4	937.728	943.281	I pay for my heating throughout the year, but it's only turned on between October and February.	neutral	0.933622
clip_00247.mp4	943.281	946.439	I'm told it's too expensive to run just for me.	sadness	0.839894
clip_00248.mp4	946.439	950.153	A water main that supplied Aragon Tower has broken.	neutral	0.666004
clip_00249.mp4	950.153	956.147	It's now looking like I'm going to be without toilet, bath or hot water for over 21 days.	sadness	0.486026
clip_00250.mp4	957.227	961.264	My mail is going astray, at one point even stopped.	fear	0.477529
clip_00251.mp4	961.264	964.859	I regularly post myself letters to make sure I have mail.	neutral	0.981550
clip_00252.mp4	964.859	966.738	Things still go missing.	sadness	0.602351
clip_00253.mp4	966.738	971.889	It's almost as if Lewisham is slowly trying to grind me down so I'll reach a deal ASAP.	neutral	0.846024
clip_00254.mp4	980.920	988.874	Clearly there's always going to be resistance to change and that's understandable.	neutral	0.965030
clip_00255.mp4	989.274	995.746	Berkeley Homes is part of Berkeley Group, which is one of the principal developers in London and the South-East.	neutral	0.974578
clip_00256.mp4	995.746	1000.383	It's a company with turnover of approximately £1 billion a year.	neutral	0.913327
clip_00257.mp4	1000.383	1007.014	And we seek to be the urban regenerator of choice in terms of partnership with public and private bodies.	neutral	0.950904
clip_00258.mp4	1011.167	1021.119	Berkeley Homes specialise in urban redevelopment and currently have 150 building projects across the South-East.	neutral	0.985432
clip_00259.mp4	1021.119	1031.907	For the next two years the transformation of Aragon Tower into the Z building will be overseen from their headquarters two miles down the river.	neutral	0.987999
clip_00260.mp4	1031.907	1037.065	Split-level flats, a highly innovative, '60s design.	neutral	0.818851
clip_00261.mp4	1037.065	1042.781	The cladding will have to come off and the existing window system, we'll be replacing that completely.	neutral	0.924429
clip_00262.mp4	1042.781	1043.138	Right.	neutral	0.987752
clip_00263.mp4	1043.138	1050.766	'It's not specifically that we chose Deptford, 'Deptford had been identified as an area requiring regeneration.'	neutral	0.950045
clip_00264.mp4	1050.766	1055.321	This was one of a range of regeneration opportunities that were available at that time.	neutral	0.982044
clip_00265.mp4	1055.321	1062.474	We were attracted to this one because we thought the tower, although it was in need of refurbishment, was tremendously exciting.	joy	0.893180
clip_00266.mp4	1062.474	1066.152	It's in a fantastic location, the views are stunning.	joy	0.968816
clip_00267.mp4	1066.152	1071.945	In terms of the broader estate, we were impressed with the sense of community in that broader estate as well.	surprise	0.711529
clip_00268.mp4	1071.945	1077.940	Deptford is certainly a part of London which has a bit of a buzz about it and it's moving in the right direction.	neutral	0.973637
clip_00269.mp4	1079.580	1092.001	We don't want to try and segregate all the community from the new people we're bringing into the area, because that's the whole idea about regeneration, the new people will come in, they will be wealthy because they can afford...	neutral	0.852470
clip_00270.mp4	1092.001	1100.473	Buying into the dream will require a leap of faith and it falls to the marketing department to entice people into the unknown.	neutral	0.904399
clip_00271.mp4	1100.473	1110.665	..They will demand different things and they will want to live a different lifestyle, they'll want Costa Coffees, Italian restaurants and all the things that Deptford is slowly getting.	neutral	0.907936
clip_00272.mp4	1110.665	1117.018	The thing about the local area is cos that's such a negative perception of that, that is the main thing we have to try and overcome.	neutral	0.889390
clip_00273.mp4	1117.018	1122.330	I'll probably get Simon to do quite a lot of local area photography because that will really help.	neutral	0.928792
clip_00274.mp4	1122.330	1124.927	Deptford high street is quite cool and trendy.	neutral	0.823809
clip_00275.mp4	1124.927	1127.244	It won that award recently, I can't remember what it was for.	neutral	0.700695
clip_00276.mp4	1127.244	1129.400	Like the best high street...	joy	0.600043
clip_00277.mp4	1129.400	1130.324	In Deptford!	surprise	0.740252
clip_00278.mp4	1130.324	1133.801	We talked about the area, they may see that as a negative.	neutral	0.951804
clip_00279.mp4	1133.801	1139.436	What can we use to basically enhance the area and show them that it's...?	neutral	0.824058
clip_00280.mp4	1139.436	1142.232	The views has definitely got to be the main thing.	neutral	0.959714
clip_00281.mp4	1142.232	1148.307	Pretty much uninterrupted, it is like a full panorama which is something you wouldn't get anywhere else.	neutral	0.980456
clip_00282.mp4	1148.307	1153.697	Greenwich is quite exciting as far as eating and drinking and socialising...	joy	0.942459
clip_00283.mp4	1153.697	1169.403	"We don't want to focus too much on Greenwich but it's saying these things are nearby, you can access them, without saying this is the only thing and ignoring the immediate area, but people love to think, ""Where I'm going to live in the future is really up-and-coming."""	neutral	0.935510
clip_00284.mp4	1169.403	1173.716	They can see their property is making money and that's what gets people excited.	joy	0.838054
clip_00285.mp4	1173.716	1177.234	The day you get to take your first customers in there will be the best day ever.	joy	0.954698
clip_00286.mp4	1177.234	1180.670	It will knock their socks off!	joy	0.942792
clip_00287.mp4	1180.670	1183.668	The actual panorama that you get standing in...	neutral	0.989224
clip_00288.mp4	1183.668	1187.142	Let's have a little eyeball at this one.	neutral	0.895468
clip_00289.mp4	1191.618	1193.176	Did you look in this skip?	surprise	0.549430
clip_00290.mp4	1193.176	1194.475	You did, didn't you?	surprise	0.495490
clip_00291.mp4	1194.475	1196.293	They have to be emptied now.	neutral	0.939084
clip_00292.mp4	1196.293	1202.924	Regeneration offers much to the newcomer but it's only fair that the spoils are shared.	neutral	0.961842
clip_00293.mp4	1202.924	1206.442	See that thing there and other brass doings in it.	neutral	0.965857
clip_00294.mp4	1206.442	1214.356	Leol Gilbert spends his days scouring the estate for scrap metal from building sites, along with his best friend, Nicky.	neutral	0.979132
clip_00295.mp4	1214.356	1216.833	One of the few people I've met who you can trust.	neutral	0.987209
clip_00296.mp4	1216.833	1221.706	It's rare that you meet someone that you can trust them completely sort of thing, implicitly.	neutral	0.983817
clip_00297.mp4	1223.224	1223.866	That's it.	neutral	0.891789
clip_00298.mp4	1223.866	1225.664	I like those sort of people.	joy	0.573635
clip_00299.mp4	1225.664	1227.696	Where did you meet him?	neutral	0.888831
clip_00300.mp4	1227.696	1228.580	In a skip.	neutral	0.987574
clip_00301.mp4	1228.580	1230.897	In a skip, yeah.	neutral	0.991798
clip_00302.mp4	1234.930	1236.443	I wonder who that is.	neutral	0.820441
clip_00303.mp4	1236.443	1238.965	Another Bob-with-a-barrow up there.	neutral	0.984002
clip_00304.mp4	1238.965	1241.483	Everyone's running around nicking our metal.	neutral	0.765116
clip_00305.mp4	1241.483	1243.403	We might not get lucky today.	neutral	0.884151
clip_00306.mp4	1245.280	1246.801	Not a bean.	neutral	0.924291
clip_00307.mp4	1246.801	1250.993	No big bits of cast iron or nothing we can purloin.	neutral	0.910613
clip_00308.mp4	1252.273	1258.709	Bumped into him in a skip, up the road, got talking and then we become friends.	neutral	0.909586
clip_00309.mp4	1260.265	1265.423	It is funny, innit, we can trust each other implicitly and neither of us nick off the other.	neutral	0.773605
clip_00310.mp4	1265.423	1268.217	It's weird.	disgust	0.654192
clip_00311.mp4	1268.217	1271.011	We clicked.	neutral	0.591384
clip_00312.mp4	1271.011	1273.450	It was skips, weren't it?	neutral	0.931200
clip_00313.mp4	1273.450	1274.887	But we clicked, like.	joy	0.452090
clip_00314.mp4	1276.127	1276.973	I got it.	neutral	0.985385
clip_00315.mp4	1276.973	1279.604	Probably loads more in here.	neutral	0.983444
clip_00316.mp4	1281.201	1284.479	'Some poor bugger's got to climb in there.	anger	0.425876
clip_00317.mp4	1284.479	1287.476	'It's going to have to be me because you got in last time.'	neutral	0.604128
clip_00318.mp4	1289.873	1291.673	Come to Daddy!	joy	0.735163
clip_00319.mp4	1297.825	1300.304	There's more stuff over there, though.	neutral	0.983111
clip_00320.mp4	1303.341	1310.332	Metal from the skips is taken to a scrap merchant only 100 yards from Aragon Tower.	neutral	0.964133
clip_00321.mp4	1310.332	1320.880	They offer cash for scrap and the yard has become a source of income for a stream of alcoholics and drug addicts who live on the estate.	neutral	0.942478
clip_00322.mp4	1324.117	1328.632	Leol has depended on heroin for 25 years.	neutral	0.945607
clip_00323.mp4	1328.632	1337.026	Went through a period of not getting on with me mum but that is cos she was worrying about me and moaning every time she saw me.	disgust	0.355759
clip_00324.mp4	1337.026	1343.336	Then they went to this counselling session and it's changed her.	neutral	0.962442
clip_00325.mp4	1343.336	1355.645	"Then she started, she came back and she would say, ""Well, I can't tell you what to do because you are going to go away and do what you want when I'm not there ""and can't see so me worrying about it ain't going to change that."""	fear	0.389050
clip_00326.mp4	1355.645	1358.918	With me dad, it's really hard to tell cos he don't show...	sadness	0.488146
clip_00327.mp4	1360.478	1368.710	Apart from once when I wanted to cash in my Premium Bonds and he had the hump cos I'd spent loads of money on drugs and I looked dreadful.	sadness	0.628812
clip_00328.mp4	1370.828	1373.864	Hmm.	neutral	0.982996
clip_00329.mp4	1373.864	1374.724	And that was it.	neutral	0.889059
clip_00330.mp4	1374.724	1378.858	"His words were, ""You're killing yourself,"" and that was bad."	disgust	0.900488
clip_00331.mp4	1383.612	1385.210	Do you want to change?	neutral	0.945498
clip_00332.mp4	1386.810	1388.290	Yeah.	neutral	0.975491
clip_00333.mp4	1392.363	1399.915	Yeah, I could do a lot better... ..in every way, actually.	neutral	0.444514
clip_00334.mp4	1410.866	1422.171	If Wayne was to walk out, or we were to break up and I had to do everything here on my own, as a mother, if you have got kids, you have to carry on being a mum.	sadness	0.734491
clip_00335.mp4	1427.408	1430.310	Wayne's dad wasn't around, was he?	neutral	0.687161
clip_00337.mp4	1430.566	1437.677	Not being a bitch or nothing, but, at the end of the day, Wayne is my bloke and I take care of him as well but I cannot have no-one hold me back.	anger	0.416046
clip_00338.mp4	1439.234	1446.508	And whether some people will see that as cutting your nose off to spite your face, or whatever it is called, I see it as taking care of business.	disgust	0.695165
clip_00339.mp4	1446.508	1454.257	Life is too short, I don't know what's going to happen tomorrow so I'm not going to sit around and wait for someone to sort themselves out.	sadness	0.586300
clip_00340.mp4	1457.772	1467.443	The freedom of a single life or together as a family - where does a man look to find happiness?	neutral	0.928492
clip_00341.mp4	1467.443	1478.556	It's the right message, the message of hope, the message of fulfilment, the message of God, the message of progression, the message of prosperity put into 21st Century language.	neutral	0.912778
clip_00342.mp4	1478.556	1481.072	The churches knew Jesus was cutting edge!	joy	0.877334
clip_00343.mp4	1484.189	1490.058	Wayne spent the last month with his sister and she introduced him to the local Pentecostal church.	neutral	0.974190
clip_00344.mp4	1491.898	1500.649	They have a modern approach to attracting new members and he's been invited to the Birmingham Motor Show with the male members of the congregation.	neutral	0.937619
clip_00345.mp4	1500.649	1502.966	Let me borrow that mike and let them know that.	neutral	0.979067
clip_00346.mp4	1506.243	1508.800	See, I can't resist a mike at the moment.	neutral	0.938672
clip_00347.mp4	1508.800	1513.997	Fellas, there's a car you all need to see called a Range Stormer.	neutral	0.982374
clip_00348.mp4	1513.997	1514.303	OK.	neutral	0.989215
clip_00349.mp4	1514.303	1516.034	Oh, you've heard?	surprise	0.709214
clip_00350.mp4	1516.034	1518.391	The gospel has travelled!	joy	0.934362
clip_00351.mp4	1518.391	1523.744	Now, possibly, we can all like take a day off Christianity and try and steal it!	neutral	0.330481
clip_00352.mp4	1525.785	1528.619	No, I'm only joking, that was a joke!	anger	0.870946
clip_00353.mp4	1528.619	1533.813	...Be praying our Lord that as we journey, you will take us safely and bring us back again.	neutral	0.509596
clip_00354.mp4	1533.813	1537.410	We commit ourselves into your care and everybody says...	neutral	0.598291
clip_00355.mp4	1537.410	1538.610	AMEN!	surprise	0.872368
clip_00356.mp4	1542.764	1545.601	I think it's important for people to come and wake up.	neutral	0.962052
clip_00357.mp4	1545.601	1552.836	People often say once they plug into a dynamic ministry like the Tabernacle, once they plug into God, of course, they come alive.	neutral	0.959689
clip_00358.mp4	1552.836	1553.956	Lamborghini.	neutral	0.984503
clip_00359.mp4	1553.956	1555.384	Mine was the SLR Mercedes.	neutral	0.986537
clip_00360.mp4	1555.384	1557.470	I've told everyone about that already.	neutral	0.982841
clip_00361.mp4	1557.470	1558.643	Range Rover, I think.	neutral	0.988101
clip_00362.mp4	1558.643	1560.376	Have you seen the Porsche jeep?	neutral	0.962828
clip_00363.mp4	1560.376	1562.108	Have you seen the Porsche jeep?	neutral	0.962828
clip_00364.mp4	1563.861	1573.689	Women are a lot more socially interactive as far as sharing emotions, sharing innermost feelings; men, we tend to shut down a lot more, but events like this help.	neutral	0.963344
clip_00365.mp4	1573.689	1580.486	It's therapeutic when you can get-together with a brother, a guy and hang out and let the boys be boys.	joy	0.620598
clip_00366.mp4	1582.043	1585.400	Excuse me, do you know what is the top speed of this?	neutral	0.768582
clip_00367.mp4	1585.400	1587.757	A top speed of 208 miles an hour.	neutral	0.903758
clip_00368.mp4	1587.757	1589.753	Faster than the Lamborghini then?	neutral	0.664263
clip_00370.mp4	1589.997	1591.400	Look at the boot space!	surprise	0.915777
clip_00371.mp4	1591.400	1593.231	You could fit a body in there.	neutral	0.981535
clip_00372.mp4	1593.231	1594.829	Go, go, go, do!	joy	0.790452
clip_00373.mp4	1594.829	1598.509	I'll see you back at the firm, yeah?	neutral	0.983155
clip_00374.mp4	1598.509	1601.585	Oh...my... !	surprise	0.974594
clip_00375.mp4	1601.585	1602.815	Hold on a minute.	neutral	0.984860
clip_00376.mp4	1602.815	1603.900	Praise be, man.	neutral	0.670832
clip_00377.mp4	1603.900	1605.305	This is absolutely...	neutral	0.897208
clip_00378.mp4	1605.305	1605.907	Stonking.	neutral	0.974288
clip_00379.mp4	1605.907	1606.977	..Splendiferous!	anger	0.497601
clip_00380.mp4	1606.977	1609.252	What be the price of one of these?	neutral	0.943706
clip_00381.mp4	1609.252	1612.547	The basic price for this car is about £292,000.	neutral	0.963608
clip_00382.mp4	1612.547	1613.528	Is that all(!)	neutral	0.488763
clip_00383.mp4	1613.528	1619.565	Just underneath you have the six CD changer and just underneath there is where the solid silver tumblers would sit.	neutral	0.971506
clip_00384.mp4	1619.565	1628.113	You've got all your controls here, this one is for the electric curtains which come as standard on both models for the rear.	neutral	0.956164
clip_00385.mp4	1628.113	1632.469	If you wanted them fitted on the side of the doors, you can, it's an optional extra.	neutral	0.981924
clip_00386.mp4	1632.469	1637.468	Can you imagine if God or Jesus was to design a car, could you imagine what it would go like?	neutral	0.844189
clip_00387.mp4	1637.468	1640.302	This has to be the kind of car God would want to drive in!	anger	0.355265
clip_00388.mp4	1642.899	1650.010	Christianity is not just about materialism, it's about success, but God wants us to have material blessings as well.	neutral	0.914115
clip_00389.mp4	1650.010	1657.523	When you're able to see something, if I can conceive it in my mind, then I can have a career that can get me something like this.	joy	0.959441
clip_00390.mp4	1657.523	1659.216	You can give yourself a goal.	neutral	0.655871
clip_00391.mp4	1659.216	1659.800	Of course.	neutral	0.946268
clip_00392.mp4	1659.800	1661.491	You enjoy coming up here today?	joy	0.717589
clip_00393.mp4	1661.491	1662.637	Definitely, I'm glad.	joy	0.956199
clip_00394.mp4	1662.637	1666.075	Men, we never talk to each other and that is the truth of the matter.	neutral	0.915052
clip_00395.mp4	1666.075	1667.800	Who invited you to church?	surprise	0.840940
clip_00396.mp4	1667.800	1669.061	Was it your sister?	neutral	0.774068
clip_00397.mp4	1669.061	1672.512	Well, admittedly, I was going through some problems.	neutral	0.476486
clip_00398.mp4	1672.512	1672.910	Right.	neutral	0.987752
clip_00399.mp4	1672.910	1681.974	And I ended up going to my sister's and the day I went to my sister's, that same day, she prayed for me.	joy	0.652388
clip_00401.mp4	1682.151	1685.930	She said she prayed for me and she was talking about the church.	neutral	0.691559
clip_00402.mp4	1685.930	1689.008	I thought, do you know what, it's time for me to start going.	neutral	0.451973
clip_00403.mp4	1689.008	1689.375	Right.	neutral	0.987752
clip_00404.mp4	1689.375	1692.925	I just felt the love, man, I felt the hope and everything.	joy	0.921436
clip_00405.mp4	1692.925	1695.922	It felt good, it made me feel good as well.	joy	0.927531
clip_00406.mp4	1695.922	1697.678	Like a new start as well.	neutral	0.977326
clip_00407.mp4	1697.678	1698.548	A new beginning.	neutral	0.884682
clip_00408.mp4	1698.548	1699.418	A new beginning.	neutral	0.884682
clip_00409.mp4	1699.418	1701.157	Everything in the past has gone.	neutral	0.894084
clip_00411.mp4	1701.412	1704.834	I used to do lots of things, I used to take drugs, I used to smoke.	disgust	0.677001
clip_00412.mp4	1704.834	1717.617	Everybody has a past, everybody has some kind of issues that they need dealt with, and much like the seat of this car is massaging my back right now automatically because I've just realised...	neutral	0.806464
clip_00413.mp4	1717.617	1718.059	Is it?!	surprise	0.922987
clip_00414.mp4	1718.059	1720.335	Yeah, it is, it's massaging my back!	joy	0.712592
clip_00415.mp4	1720.335	1723.613	God can relax you, he can make you wake up about life.	neutral	0.674567
clip_00416.mp4	1723.613	1726.253	You go from existing to start living.	neutral	0.982681
clip_00417.mp4	1726.253	1726.610	Yeah.	neutral	0.975491
clip_00418.mp4	1726.610	1729.127	Got two kids and all that, it's about time...	neutral	0.802074
clip_00419.mp4	1729.127	1734.201	At the end of the day if you love each other, if you've already spent some of your life together...	neutral	0.459982
clip_00420.mp4	1734.201	1734.867	Seven years.	sadness	0.909349
clip_00421.mp4	1734.867	1735.589	There you go.	neutral	0.975379
clip_00422.mp4	1735.589	1739.754	Seven, that's God complete number, seven biblically is his complete number.	neutral	0.872384
clip_00423.mp4	1739.754	1746.635	It's about time that some commitment went forward, a wholesome environment where the kids can be brought up.	neutral	0.964571
clip_00425.mp4	1746.909	1747.835	Most definitely.	neutral	0.968940
clip_00426.mp4	1747.835	1749.862	Give them what you maybe never had.	neutral	0.973594
clip_00427.mp4	1749.862	1750.505	Definitely.	neutral	0.973903
clip_00428.mp4	1750.505	1751.732	That's another thing.	neutral	0.962335
clip_00429.mp4	1751.732	1752.900	Including a Bentley!	surprise	0.939663
clip_00430.mp4	1752.900	1753.881	You can do it.	neutral	0.832306
clip_00431.mp4	1753.881	1757.454	Dedication, as Roy Castle used to sing, dedication.	neutral	0.868509
clip_00432.mp4	1757.454	1757.934	Yeah.	neutral	0.975491
clip_00433.mp4	1757.934	1773.000	THEY LAUGH The road to salvation is often tough, and can mean losing the very things you love the most.	sadness	0.509600
clip_00434.mp4	1776.757	1779.434	Look, there's Donna.	neutral	0.985295
clip_00435.mp4	1779.434	1782.490	She's a pretty nice-looking girl.	neutral	0.884708
clip_00436.mp4	1782.490	1783.231	Oh yeah.	neutral	0.966411
clip_00437.mp4	1783.231	1793.299	Three months ago Leol's long-term girlfriend Donna left him, and moved out of his flat which lies directly under the gaze of Aragon Tower.	neutral	0.786491
clip_00438.mp4	1793.299	1795.536	You're never ever going to forget her?	surprise	0.740829
clip_00439.mp4	1795.536	1799.010	I picked her up and thrown her out before and she's always come back.	neutral	0.624500
clip_00440.mp4	1799.010	1802.891	At the end of the day, you can't... there's plenty more birds out there.	neutral	0.935262
clip_00441.mp4	1802.891	1803.646	Oh, of course.	neutral	0.938448
clip_00442.mp4	1803.646	1805.411	You know what I mean?	neutral	0.734401
clip_00443.mp4	1805.411	1806.084	Oh yeah.	neutral	0.966411
clip_00444.mp4	1806.084	1807.749	There ain't many nice as Donna.	neutral	0.645040
clip_00445.mp4	1807.749	1809.521	You can't keep that in your mind.	neutral	0.681849
clip_00446.mp4	1809.521	1812.358	You have to move further and find someone else.	neutral	0.856912
clip_00447.mp4	1812.358	1815.757	You're in love with her, so what?	surprise	0.499408
clip_00448.mp4	1815.757	1818.553	When you love someone like that, you don't change.	neutral	0.851308
clip_00449.mp4	1818.553	1822.310	It's hard to get out of your head, system, you think the world of her.	sadness	0.644251
clip_00450.mp4	1822.310	1825.503	I'll always think of the world of her, I always did.	neutral	0.808220
clip_00451.mp4	1825.503	1833.459	"All you can do is go and find another bird, or girl I mean, sorry, you can't sit thinking ""She'll come back to me, ""will she come back to me?"""	neutral	0.709421
clip_00452.mp4	1833.459	1835.016	You don't know, we can't tell.	neutral	0.944131
clip_00453.mp4	1835.016	1837.932	She can if she wants and she knows it.	neutral	0.979566
clip_00454.mp4	1837.932	1840.049	Whatever.	neutral	0.759533
clip_00455.mp4	1840.049	1841.428	I don't think she will.	neutral	0.916761
clip_00456.mp4	1841.428	1843.286	Yo u can't hang around forever.	neutral	0.698092
clip_00457.mp4	1852.519	1856.071	I used to have a friend that lived in Aragon Tower, they moved out.	sadness	0.519329
clip_00458.mp4	1856.071	1857.848	It's only Les now.	neutral	0.971718
clip_00459.mp4	1857.848	1859.032	A brave man.	fear	0.691661
clip_00460.mp4	1860.869	1864.542	It's his property at the end of the day, he bought it.	neutral	0.949751
clip_00461.mp4	1868.057	1871.973	Really nice lifestyle, really fun, I want to see the girls interacting.	joy	0.847366
clip_00462.mp4	1871.973	1876.213	It will be some time before Berkeley Homes have full access to the tower.	neutral	0.916970
clip_00463.mp4	1878.367	1878.865	Ooh!	surprise	0.954625
clip_00464.mp4	1878.865	1880.484	Look at that.	neutral	0.728525
clip_00465.mp4	1880.484	1883.920	There are dream homes being built elsewhere.	neutral	0.972849
clip_00466.mp4	1883.920	1886.079	It's lovely that, isn't it?	joy	0.970363
clip_00467.mp4	1886.079	1886.764	That's fine.	neutral	0.910986
clip_00468.mp4	1886.764	1894.552	Basically what's happened is she's getting ready, just lolling about on the sofa and her friend comes in, drinking champagne, very lifestyley.	neutral	0.762363
clip_00469.mp4	1894.552	1896.109	Good.	neutral	0.497427
clip_00470.mp4	1896.109	1900.941	The purpose of this shoot is to try and... bring alive the brochure.	neutral	0.848193
clip_00471.mp4	1900.941	1909.175	We've built an exact replica of one of the apartments, we've got the exact kitchen that we're putting in.	neutral	0.906192
clip_00472.mp4	1909.175	1913.889	In fact the furniture that we've got here will go into the show home in a year or so's time.	neutral	0.974445
clip_00473.mp4	1913.889	1917.887	It's aspiration, trying to make people see what we are trying to create.	neutral	0.954331
clip_00474.mp4	1917.887	1923.920	Because we do our sales so early, you leave an awful lot to their imagination.	neutral	0.749420
clip_00475.mp4	1923.920	1930.554	So you are trying to encourage that imagination, you're trying to make them visualise living in the properties.	neutral	0.969014
clip_00476.mp4	1930.554	1936.951	In the apartments brochure it will be this shot, cut here, a bit of coffee, girl standing here.	neutral	0.988768
clip_00477.mp4	1936.951	1941.282	We'll take some shots of the girls drinking champagne, waiting to go out.	neutral	0.691925
clip_00479.mp4	1941.579	1949.922	"And then again here, ""Investment in the Future"", this might work being the girl on the laptop looking at her stocks and shares."	neutral	0.986469
clip_00481.mp4	1950.171	1952.728	That's really lovely.	joy	0.960281
clip_00482.mp4	1954.745	1957.656	Head slightly more around this way.	neutral	0.985283
clip_00483.mp4	1957.656	1958.903	Round that way.	neutral	0.976933
clip_00484.mp4	1958.903	1959.353	OK.	neutral	0.989215
clip_00485.mp4	1959.353	1961.606	That's perfect.	neutral	0.716482
clip_00486.mp4	1961.606	1962.657	Mmm-mm.	neutral	0.989023
clip_00487.mp4	1962.657	1969.091	With all schemes, we do a lot of research into the typical buyer profiling.	neutral	0.991002
clip_00488.mp4	1969.091	1970.711	Wow!	surprise	0.946241
clip_00489.mp4	1970.711	1972.331	Yes!	joy	0.946785
clip_00490.mp4	1972.331	1977.963	There's 144 apartments so there's a limit to the amount of local market that you can tap into.	neutral	0.963865
clip_00491.mp4	1977.963	1979.947	That's great.	joy	0.955015
clip_00492.mp4	1979.947	1981.320	Arms out.	neutral	0.968302
clip_00493.mp4	1981.320	1983.597	Try and get that light behind you there.	neutral	0.984690
clip_00494.mp4	1983.597	1985.673	We are good to go!	joy	0.963898
clip_00495.mp4	1987.471	2001.578	We'll be launching within the next three to four months off-plan, certainly nothing to show for, because the building is very much as you have seen in its undressed state at the moment and getting worse before it'll get better.	neutral	0.804276
clip_00496.mp4	2001.578	2004.255	Yeah, perfecto!	joy	0.935419
clip_00497.mp4	2004.255	2008.090	So what we've got to do is convince people that it's a good investment.	neutral	0.986079
clip_00498.mp4	2008.090	2018.099	The aspiration of this development is the water, riverside living, and in an area that is very much on the up, is very much...	neutral	0.958769
clip_00499.mp4	2018.099	2022.912	Again, it's documented as to what they're doing to the Pepys estate, the regeneration.	neutral	0.971696
clip_00500.mp4	2024.672	2026.469	OK, lovely.	neutral	0.716102
clip_00501.mp4	2026.469	2031.864	And to be part of that from our point of view is quite exciting.	joy	0.982432
clip_00502.mp4	2031.864	2034.904	And people will buy into that.	neutral	0.960938
clip_00503.mp4	2034.904	2038.460	The question is, at what stage they'll buy into it.	neutral	0.983149
clip_00504.mp4	2038.460	2039.064	Excuse me.	neutral	0.960185
clip_00505.mp4	2039.064	2039.789	Ian Plumley.	neutral	0.951494
clip_00506.mp4	2039.789	2041.058	Last one, here we go.	neutral	0.978339
clip_00507.mp4	2042.058	2044.052	Perfect!	joy	0.933274
clip_00508.mp4	2048.125	2052.603	I should go and see Donna, I've got half a dozen letters for her actually.	neutral	0.978649
clip_00509.mp4	2054.160	2056.037	I'm surprised she ain't been round.	surprise	0.965550
clip_00510.mp4	2056.037	2059.913	She was waiting for the cheque and she ain't come back to see if it's here.	neutral	0.963534
clip_00511.mp4	2061.473	2065.788	I know it's the cheque she is waiting for because there's letters from the DSS.	neutral	0.989081
clip_00512.mp4	2065.788	2067.268	She will want to have drugs.	neutral	0.893535
clip_00513.mp4	2067.268	2070.345	If I give her £600 she will want to buy drugs straightaway.	neutral	0.793818
clip_00514.mp4	2073.979	2081.572	A visit from Donna to collect her post offers a last chance to redirect her affections.	neutral	0.986638
clip_00515.mp4	2081.572	2086.327	Come in, come in, please, beautiful, you look lovely.	joy	0.876142
clip_00516.mp4	2086.327	2090.561	16 years we've been pals, yeah.	neutral	0.946704
clip_00517.mp4	2090.561	2091.504	A long time.	sadness	0.509977
clip_00518.mp4	2091.504	2092.683	I just don't...	neutral	0.458501
clip_00519.mp4	2092.683	2098.396	I can't live with anyone, I find living with anyone is impossible, don't matter who they are.	sadness	0.600956
clip_00520.mp4	2098.396	2101.632	Gentleman, no such thing as a gentleman.	neutral	0.651282
clip_00521.mp4	2101.632	2103.470	Yes, there is.	neutral	0.973177
clip_00522.mp4	2103.470	2104.760	You know there is.	neutral	0.971032
clip_00523.mp4	2104.760	2106.983	This is what I wanted to get...	neutral	0.967184
clip_00524.mp4	2108.984	2117.014	In the two years they were together, Leol and Donna spent all £30,000 of his life savings on drugs.	neutral	0.759926
clip_00525.mp4	2117.014	2119.773	Looks just like you actually, innit?	surprise	0.653868
clip_00526.mp4	2119.773	2123.126	Since she left him, Leol has been clean.	neutral	0.963081
clip_00527.mp4	2124.844	2126.724	Stop it!	anger	0.971360
clip_00528.mp4	2126.724	2129.120	If I give Leol a 40...	anger	0.789505
clip_00529.mp4	2129.120	2132.477	Leave some of it here, I tell you what to do, let me suggest this to you.	neutral	0.955907
clip_00530.mp4	2132.477	2133.606	No, you'll use it, Leol!	anger	0.624237
clip_00531.mp4	2133.606	2134.312	I won't use it.	neutral	0.396406
clip_00532.mp4	2134.312	2135.394	Because I ain't got it.	neutral	0.545723
clip_00533.mp4	2135.394	2137.316	Donna, I've had it here for four days.	neutral	0.977647
clip_00534.mp4	2137.316	2138.631	I've lost a score already.	sadness	0.449198
clip_00535.mp4	2138.631	2141.708	Listen, I'm not going to spend your money, you know I won't do that.	anger	0.879123
clip_00536.mp4	2141.708	2143.694	Keep that for me for an emergency.	neutral	0.762743
clip_00538.mp4	2143.986	2147.983	Give me that 20, yeah, and put 20 in for me and I'll get us one each now.	neutral	0.953230
clip_00539.mp4	2147.983	2149.670	I don't want to get one each.	neutral	0.939173
clip_00540.mp4	2149.670	2150.659	What do you want?	neutral	0.959066
clip_00541.mp4	2150.659	2155.053	No, I ain't been using because I go out with him every day and we've been too busy.	neutral	0.713430
clip_00542.mp4	2155.053	2158.767	I've been running around all day with metal in my hands and that.	neutral	0.918684
clip_00543.mp4	2158.767	2163.646	I ain't had a chance to use drugs, but that's good for me, I've been doing good.	neutral	0.531634
clip_00544.mp4	2165.201	2165.814	Oh, God.	surprise	0.749243
clip_00545.mp4	2165.814	2168.880	She goes so fast, everything's so quick.	joy	0.423535
clip_00546.mp4	2171.676	2173.873	I ain't been using, mate.	neutral	0.692870
clip_00547.mp4	2173.873	2174.466	Stop a sec.	neutral	0.951446
clip_00548.mp4	2174.466	2177.590	I don't want to see you fuck all that money off in one go.	disgust	0.520618
clip_00549.mp4	2177.590	2181.347	I'll give you the key to the safe, you know I've only got the one key.	neutral	0.981471
clip_00550.mp4	2181.347	2182.636	Come in, come in, please.	neutral	0.834819
clip_00551.mp4	2182.636	2184.543	You know I wouldn't spend your money.	anger	0.822968
clip_00552.mp4	2184.543	2186.101	You should know me better.	neutral	0.633529
clip_00553.mp4	2186.101	2188.962	When my other cheques come make sure you look after them.	neutral	0.978577
clip_00554.mp4	2188.962	2189.665	Course I will.	neutral	0.973728
clip_00555.mp4	2189.665	2190.418	Don't be silly.	neutral	0.572743
clip_00556.mp4	2190.418	2194.092	Fuck me, if you can't trust me after all this time, who can you ever trust?	anger	0.808385
clip_00557.mp4	2195.692	2198.887	This is mine and I want some so...	neutral	0.984350
clip_00558.mp4	2211.834	2213.051	I've got to go.	neutral	0.601458
clip_00559.mp4	2213.051	2214.512	You look gorgeous.	joy	0.968920
clip_00560.mp4	2214.512	2215.683	See you later, yeah.	neutral	0.989446
clip_00561.mp4	2215.683	2216.268	Take care.	neutral	0.960012
clip_00562.mp4	2216.268	2218.386	I will walk down the road with you.	neutral	0.969826
clip_00563.mp4	2218.386	2219.109	See you later.	neutral	0.990511
clip_00564.mp4	2219.109	2219.986	Hang on a minute.	neutral	0.984789
clip_00565.mp4	2219.986	2221.061	I've got to go.	neutral	0.601458
clip_00566.mp4	2221.061	2221.706	I'm late.	neutral	0.950364
clip_00567.mp4	2221.706	2223.140	For what, the doctors?	neutral	0.982632
clip_00569.mp4	2223.400	2224.899	You've got ten minutes.	neutral	0.979121
clip_00570.mp4	2224.899	2227.497	If I'm five minutes late, they'll make me wait till six.	neutral	0.623201
clip_00571.mp4	2227.497	2230.456	I was going to say you've got 15 minutes to be late.	neutral	0.940866
clip_00572.mp4	2230.456	2231.253	See you later.	neutral	0.990511
clip_00573.mp4	2231.253	2233.368	Bye.	neutral	0.988770
clip_00574.mp4	2234.608	2236.405	It's hurt him.	sadness	0.938992
clip_00575.mp4	2236.405	2239.285	Hasn't it, really?	neutral	0.405282
clip_00576.mp4	2239.285	2240.765	It's hurt him.	sadness	0.938992
clip_00577.mp4	2242.319	2244.719	Go, have a talk to her.	neutral	0.986670
clip_00578.mp4	2249.313	2251.350	There ain't nothing to say, is there?	neutral	0.974993
clip_00579.mp4	2258.504	2260.621	Yeah.	neutral	0.975491
clip_00580.mp4	2260.621	2263.022	What do you want to do, get some more metal, yeah?	neutral	0.984946
clip_00581.mp4	2266.138	2269.416	Never met a bird like it, I ain't.	neutral	0.907251
clip_00582.mp4	2269.416	2272.650	She's the only bird I've ever met that I would have had a kid.	neutral	0.834412
clip_00583.mp4	2272.650	2274.015	He thinks the world of her.	neutral	0.912293
clip_00584.mp4	2274.015	2275.127	Everyone can see that.	neutral	0.950279
clip_00585.mp4	2275.127	2278.044	You've got to go for it and try and get her back.	neutral	0.969611
clip_00586.mp4	2278.044	2280.321	It's no good keep talking about her.	disgust	0.597534
clip_00587.mp4	2283.437	2285.994	What's your definition of romance?	neutral	0.926386
clip_00588.mp4	2288.392	2289.218	I don't know.	neutral	0.977986
clip_00589.mp4	2289.218	2291.949	I've never been asked that question before.	neutral	0.943556
clip_00590.mp4	2291.949	2294.251	She's the best thing that's happened to you?	surprise	0.872072
clip_00591.mp4	2294.251	2294.826	Definitely.	neutral	0.973903
clip_00592.mp4	2294.826	2297.263	Definitely.	neutral	0.973903
clip_00593.mp4	2297.263	2299.740	She helps sort my head out.	neutral	0.953709
clip_00594.mp4	2299.740	2302.100	She's been everything to me.	joy	0.544997
clip_00595.mp4	2302.100	2306.650	She's been my girlfriend, lover, my mentor, my mother.	neutral	0.972453
clip_00596.mp4	2306.650	2308.689	I shouldn't let her be my mother but...	sadness	0.586013
clip_00597.mp4	2310.568	2318.640	Definitely a lover, I want to be with her... many more years to come as well, many, many more years to come.	sadness	0.605399
clip_00598.mp4	2320.877	2327.190	When the time comes to prove your commitment, actions speak louder than words.	neutral	0.969917
clip_00599.mp4	2327.190	2337.421	We went shopping... waiting outside the sports shops for him, thinking where is he, getting peed off with him cos he was taking ages.	neutral	0.744441
clip_00600.mp4	2337.421	2343.694	He come up to me and literally pushed me on the bench and got down on one knee in front of everybody in the shopping centre.	joy	0.455445
clip_00601.mp4	2343.694	2348.486	I can't remember him saying nothing to me because I was so embarrassed...	disgust	0.491508
clip_00602.mp4	2348.486	2357.038	"The only thing I remember he was getting Tyrell off his back saying, ""Will you leave me alone, I'm trying to propose to your mother here."""	neutral	0.688459
clip_00603.mp4	2362.276	2368.734	I was sitting in the corner of the sitting room and he comes in, he was gorgeous!	joy	0.935743
clip_00604.mp4	2368.734	2369.600	Oh, gross.	disgust	0.961432
clip_00605.mp4	2369.600	2369.946	WAS!	surprise	0.452686
clip_00606.mp4	2372.263	2373.280	And that was it.	neutral	0.889059
clip_00607.mp4	2373.280	2376.141	After that, he serenaded me under the window.	neutral	0.956254
clip_00608.mp4	2376.141	2377.977	I could have went through your drawers!	surprise	0.398841
clip_00609.mp4	2382.732	2383.742	Where are you?	neutral	0.886071
clip_00610.mp4	2383.742	2385.328	I ain't got it on yet.	neutral	0.980409
clip_00611.mp4	2387.085	2389.123	I like your hair like this.	joy	0.783545
clip_00612.mp4	2390.763	2393.479	SOBBING Oh, I can't cope with this.	sadness	0.667664
clip_00613.mp4	2400.274	2402.674	I was so strong when your brother got married.	joy	0.962074
clip_00614.mp4	2402.674	2404.708	It's different when it's your daughter.	neutral	0.961581
clip_00615.mp4	2404.708	2407.148	I don't know why.	neutral	0.870655
clip_00616.mp4	2409.585	2412.261	Oh, it's beautiful.	joy	0.984693
clip_00617.mp4	2412.261	2414.858	I can't say anything else.	neutral	0.636897
clip_00618.mp4	2422.007	2424.150	Oh, Kelly.	neutral	0.987133
clip_00619.mp4	2424.150	2425.007	Mum.	neutral	0.851068
clip_00620.mp4	2426.845	2428.445	Tyrell, you cannot tell daddy.	neutral	0.972688
clip_00621.mp4	2428.445	2432.038	I didn't think this day was going to come, I thought she'd given up.	sadness	0.872211
clip_00622.mp4	2432.038	2433.693	Why can't we tell Daddy?	neutral	0.805465
clip_00623.mp4	2433.693	2434.796	It's a surprise.	surprise	0.796872
clip_00624.mp4	2434.796	2437.594	Because Daddy can't see it.	neutral	0.665493
clip_00625.mp4	2437.594	2441.989	When she was born she changed my life, that's the most beautiful baby I'd ever seen.	joy	0.989288
clip_00626.mp4	2441.989	2448.994	She taught me a lesson when she says I'm going to live with a bloke, she broke my heart, because I didn't want any bloke to touch her.	sadness	0.955234
clip_00627.mp4	2448.994	2450.341	That was my little baby.	joy	0.732332
clip_00628.mp4	2450.341	2456.611	Then I accepted the way she has been and accepted Wayne like a son of mine, you know.	neutral	0.827268
clip_00629.mp4	2456.611	2461.129	And now she's gorgeous, she is.	joy	0.870517
clip_00630.mp4	2461.129	2463.006	Very gorgeous.	joy	0.965835
clip_00631.mp4	2464.843	2466.763	Beautiful.	joy	0.820042
clip_00632.mp4	2466.763	2468.279	Oh, shut up!	anger	0.971243
clip_00633.mp4	2473.957	2475.597	Oh, stop it...	anger	0.833831
clip_00634.mp4	2477.271	2482.308	In the pursuit of lost love, admitting defeat is never easy.	neutral	0.895628
clip_00635.mp4	2484.186	2487.820	She's always loved me, she still loves me.	joy	0.678910
clip_00636.mp4	2487.820	2490.900	When you've been that close to someone it don't wear off.	neutral	0.973661
clip_00637.mp4	2490.900	2493.063	It ain't like something you can discard.	neutral	0.633043
clip_00638.mp4	2493.063	2495.009	I'm not in love any more, forget it.	sadness	0.803273
clip_00639.mp4	2495.969	2502.325	But with the news of another boyfriend, hope fades and old habits return.	neutral	0.626351
clip_00640.mp4	2503.365	2505.361	Get rid of them.	neutral	0.795144
clip_00641.mp4	2505.361	2511.276	And the mood darkens with a visit from the two of them who have come to pick up her monthly benefit cheque.	neutral	0.927723
clip_00642.mp4	2524.823	2525.286	Sorry?	surprise	0.538583
clip_00643.mp4	2525.286	2527.059	Are you on this or not?	neutral	0.779462
clip_00644.mp4	2527.059	2529.455	No, I don't touch none of it.	neutral	0.513434
clip_00645.mp4	2529.455	2530.881	He only drinks.	neutral	0.977524
clip_00646.mp4	2530.881	2531.452	Sorry.	sadness	0.785187
clip_00647.mp4	2531.452	2535.649	You don't need to apologise for that, I think that's a wise choice.	neutral	0.749513
clip_00648.mp4	2535.649	2539.684	It's a shame to see people go down that way.	disgust	0.883009
clip_00649.mp4	2543.599	2545.758	It's their lives, isn't it?	neutral	0.525785
clip_00650.mp4	2545.758	2548.874	I have to love you and leave you, thanks, bye-bye.	sadness	0.502386
clip_00651.mp4	2555.272	2558.066	Don't let yourself go.	fear	0.727815
clip_00652.mp4	2558.066	2561.143	When I ain't got Donna at home it ain't worth being here.	sadness	0.879487
clip_00653.mp4	2561.143	2562.963	You'll get her back eventually.	neutral	0.980164
clip_00654.mp4	2562.963	2565.136	I don't think that's going to happen.	neutral	0.664076
clip_00655.mp4	2567.174	2569.051	Says who?	neutral	0.625476
clip_00656.mp4	2569.051	2569.865	You can't...	neutral	0.743135
clip_00658.mp4	2570.068	2572.171	You don't - you can't say that.	surprise	0.672079
clip_00659.mp4	2572.171	2574.688	Don't put yourself down.	fear	0.463333
clip_00660.mp4	2574.688	2576.965	I need the hair of the dog!	joy	0.661400
clip_00661.mp4	2589.513	2593.425	You said you were going to pack it up and you've only got worser.	neutral	0.802015
clip_00662.mp4	2593.425	2594.508	That's my opinion.	neutral	0.903349
clip_00663.mp4	2594.508	2597.585	I appreciate your opinion, you know I do.	neutral	0.916283
clip_00664.mp4	2597.585	2600.622	I can't stop shaking, it's really bad.	fear	0.880480
clip_00665.mp4	2600.622	2602.579	You did say you were going to pack it up, didn't you?	neutral	0.975229
clip_00666.mp4	2602.579	2605.055	Yeah, sorry about that.	neutral	0.577999
clip_00667.mp4	2605.055	2609.569	I'm not being funny...the scrap, you know what I mean, just go and get it didn't I.	anger	0.684287
clip_00668.mp4	2612.167	2617.226	Those are the times I want to go there and get it because I'm losing out over it.	neutral	0.946224
clip_00669.mp4	2617.226	2618.600	We're both losing out.	sadness	0.501292
clip_00670.mp4	2618.600	2622.638	Look at yesterday, I had to push you yesterday, didn't I?	neutral	0.883156
clip_00671.mp4	2622.638	2627.942	Yesterday around Silverwood Street, you sat down and fell asleep.	neutral	0.974402
clip_00672.mp4	2627.942	2628.432	Did I?	surprise	0.805524
clip_00673.mp4	2628.432	2630.269	Up the road you were sleeping.	neutral	0.985047
clip_00674.mp4	2630.269	2632.176	You can't sleep on the road.	neutral	0.974715
clip_00675.mp4	2632.176	2633.947	I must have been so tired.	sadness	0.435556
clip_00676.mp4	2633.947	2638.220	Well yours is tired, but you had three goes yesterday at that stuff.	neutral	0.934056
clip_00677.mp4	2638.220	2638.641	Three?	surprise	0.704467
clip_00678.mp4	2638.641	2639.553	Two or three.	neutral	0.984839
clip_00679.mp4	2639.553	2640.536	You're joking!	surprise	0.589700
clip_00680.mp4	2640.536	2641.097	You did.	neutral	0.960879
clip_00681.mp4	2641.097	2642.775	No wonder I ain't got no money left.	sadness	0.591142
clip_00682.mp4	2642.775	2648.369	You were in another world, man, that's the worst I have seen you and that's saying something.	disgust	0.935187
clip_00683.mp4	2648.369	2648.999	Oh yeah.	neutral	0.966411
clip_00684.mp4	2648.999	2651.206	It's just temptation to you.	neutral	0.987959
clip_00685.mp4	2652.766	2654.242	Can't resist it.	neutral	0.492826
clip_00686.mp4	2658.759	2662.357	He's got to do it hisself, no-one is going to do it for him.	neutral	0.536932
clip_00687.mp4	2665.394	2667.070	He can only be told.	neutral	0.986724
clip_00688.mp4	2668.710	2671.149	Whether he listens is another story, innit?	neutral	0.865699
clip_00689.mp4	2681.733	2685.170	The battle with drugs goes on.	neutral	0.964251
clip_00690.mp4	2685.170	2691.844	For the last resident of Aragon Tower the fight with the council is drawing to a close.	neutral	0.872125
clip_00691.mp4	2693.084	2695.078	'Scuse me!	anger	0.945436
clip_00692.mp4	2695.478	2697.959	Arrrgh!	disgust	0.640172
clip_00693.mp4	2699.759	2701.673	No, stop!	anger	0.932876
clip_00694.mp4	2705.548	2715.537	In consultation with my solicitor we agreed I should hang on for a buyback price that at least approached the average for a two-bedroom in this area - £175,000 to £180,000.	neutral	0.945247
clip_00695.mp4	2717.054	2726.965	"Letter from Lewisham Council: ""I'm prepared to recommend the council purchase your leasehold interest in Aragon Tower for the sum of £98,000""?"	neutral	0.815522
clip_00696.mp4	2731.400	2734.080	Perseverance can reap its rewards.	neutral	0.948900
clip_00697.mp4	2734.080	2741.111	And after a year alone in the tower, the council have had no choice but to agree to Les's demands.	neutral	0.928427
clip_00698.mp4	2741.111	2744.588	I've come out good at the end of a long, hard fight.	joy	0.438309
clip_00699.mp4	2744.588	2752.460	Mixed feelings now because this is finally it, I'm moving.	joy	0.810728
clip_00700.mp4	2752.460	2757.892	"I've written in my diary for Monday, ""start of a new life - question mark."""	neutral	0.985496
clip_00701.mp4	2759.452	2763.768	It's pointless getting angry because in the long run it's not going to do me any good.	anger	0.397675
clip_00702.mp4	2763.768	2768.801	This area will be redeveloped quickly now Berkeley Homes have got their foot on this corner.	neutral	0.727658
clip_00703.mp4	2771.479	2773.915	I'm calling from Berkeley Homes.	neutral	0.984187
clip_00704.mp4	2773.915	2785.624	A little while ago you expressed an interest in the Aragon Tower, or the Z building, and whether you are interested in coming to our prelaunch on - you are, excellent.	joy	0.742144
clip_00705.mp4	2788.938	2793.215	I hope they all apply to these and send them all back.	neutral	0.981125
clip_00706.mp4	2793.215	2796.769	770 applicants is quite a good number.	neutral	0.757422
clip_00707.mp4	2796.769	2800.335	Blimey, imagine 350 people at the launch.	neutral	0.813308
clip_00708.mp4	2800.335	2801.205	Oh my God!	surprise	0.976451
clip_00709.mp4	2834.691	2836.289	That is amazing.	joy	0.934079
clip_00710.mp4	2836.289	2837.288	Oh my God.	surprise	0.965202
clip_00711.mp4	2840.810	2846.079	I baptise you in the name of the Lord Jesus Christ for the remission of your sins.	joy	0.694749
clip_00712.mp4	2849.716	2852.233	In the end it will get the better of you, it's only a matter of time.	neutral	0.866185
clip_00713.mp4	2852.233	2855.910	How I feel about someone is not your fuckin' business, it's mine.	anger	0.381109
clip_00714.mp4	2861.224	2866.465	This is like somewhere where somebody don't live.	neutral	0.951106
clip_00715.mp4	2866.465	2867.534	Thank you.	neutral	0.917979
clip_00716.mp4	2869.453	2872.613	I think this is the in-place to be.	neutral	0.980067
clip_00717.mp4	2872.613	2874.361	Not only that, living by the river.	neutral	0.984616
clip_00718.mp4	2874.361	2875.810	I think you should go for it.	neutral	0.977397
